<?xml version="1.0" encoding="UTF-8"?>
<!DOCTYPE mapper
  PUBLIC "-//mybatis.org//DTD Mapper 3.0//EN"
  "http://mybatis.org/dtd/mybatis-3-mapper.dtd">
<mapper namespace="boardMapper">
   
   
   
      <!-- 게시판 글 작성 -->
   <insert id="insert">
	   INSERT INTO MP_BOARD(    BNO 
	   					      , TITLE 
	   					      , CONTENT 
	   					      , WRITER  )
	                 VALUES(    MP_BOARD_SEQ.NEXTVAL 
	                 		  , #{title}
	                 		  , #{content}
	                 		  , #{writer}  )
   
   </insert>
   
   <!--  게시글 목록 보기 -->

	<select id="list" resultType="kr.co.vo.BoardVO">
		SELECT   BNO
			   , TITLE
			   , WRITER
			   , REGDATE
		  FROM MP_BOARD
		  ORDER BY BNO DESC
	</select>   
	
	<!--  게시글 조회 -->
	
		<select id="read" parameterType="int" resultType="kr.co.vo.BoardVO">
		SELECT	BNO
			  , TITLE
			  , CONTENT
			  , WRITER
			  , REGDATE
		 FROM MP_BOARD
		 WHERE BNO = #{bno}
	</select>
	
	<!--  수정 -->
	    <update id="update" parameterType="kr.co.vo.BoardVO">
		UPDATE MP_BOARD
		   SET TITLE    =   #{title},
		   	   CONTENT  =   #{content}
		 WHERE BNO = #{bno} 
	</update>
	<!--  삭제 -->
	<delete id="delete" parameterType="int">
		DELETE 
		  FROM MP_BOARD
		 WHERE BNO = #{bno}
	</delete>
	
	<select id="boardqna" resultType="kr.co.vo.BoardVO">
		SELECT   BNO
			   , TITLE
			   , WRITER
			   , REGDATE
		  FROM MP_BOARD
		  ORDER BY BNO DESC
	</select>  	
	
	
	
	
	
	      <!-- 자유게시판 -->
	 	<insert id="insertfree" parameterType="kr.co.vo.BoardVO" useGeneratedKeys="true" keyProperty="fno">
	    <selectKey keyProperty="fno" resultType="int" order="BEFORE">
	    	SELECT MP_FREEBOARD_SEQ.NEXTVAL FROM DUAL
	    </selectKey>
	    INSERT INTO MP_FREEBOARD(    FNO 
	   					       , FITLE 
	   					       , FONTENT 
	   					       , FRITER  )
	                  VALUES(    #{fno}
	                 		   , #{fitle}
	                 		   , #{fontent}
	                 		   , #{friter}  )
   		  </insert>
     
     
     <!--  자유 게시판 목록 -->
		<select id="freeread" parameterType="int" resultType="kr.co.vo.BoardVO">
		SELECT	FNO
			  , FITLE
			  , FONTENT
			  , FRITER
			  , FEGDATE
		 FROM MP_FREEBOARD
		 WHERE FNO = #{fno}
	</select>
     
     
     
     
<select id="listPage" resultType="kr.co.vo.BoardVO" parameterType="kr.co.vo.SearchCriteria">
		SELECT  FNO, 
		        FITLE, 
		        FONTENT,
		        FRITER, 
		        FEGDATE,
		        HIT
		 FROM ( 
		        SELECT FNO, 
		               FITLE, 
		               FONTENT, 
		               FRITER, 
		               FEGDATE,
		               HIT, 
		               ROW_NUMBER() OVER(ORDER BY FNO DESC) AS RNUM
		         FROM MP_FREEBOARD
		         WHERE 1=1 
		         	<include refid="search"></include>
		                       ) MP
		WHERE RNUM BETWEEN #{rowStart} AND #{rowEnd}
		ORDER BY FNO DESC
	</select>
	
	<select id="listCount" parameterType="kr.co.vo.SearchCriteria" resultType="int">
		SELECT COUNT(FNO)
		   FROM MP_FREEBOARD
		   WHERE 1=1
		<include refid="search"></include>	
		   AND FNO > 0
	</select>
	
	<sql id="search">
		<if test="searchType != null">
			<if test="searchType == 't'.toString()">AND FITLE LIKE '%' || #{keyword} || '%'</if>
			<if test="searchType == 'c'.toString()">AND FONTENT LIKE '%' || #{keyword} || '%'</if>
			<if test="searchType == 'w'.toString()">AND FRITER LIKE '%' || #{keyword} || '%'</if>
			<if test="searchType == 'tc'.toString()">AND (FITLE LIKE '%' || #{keyword} || '%') or (FONTENT LIKE '%' || #{keyword} || '%')</if>
		</if>
	</sql>
	
	
	    <!-- 게시판 조회수 -->
    <update id="boardHit" parameterType="int">
    	UPDATE MP_FREEBOARD SET
    	HIT = HIT+1
    	WHERE FNO = #{fno}
    </update>
    
    
    
   <!--  첨부 파일 -->
    <insert id="insertFile" parameterType="hashMap">
		INSERT INTO MP_FILE(
			FILE_NO,
			FNO,
			ORG_FILE_NAME,
			STORED_FILE_NAME,
			FILE_SIZE
		)VALUES(
			SEQ_MP_FILE_NO.NEXTVAL,
			#{FNO},
			#{ORG_FILE_NAME},
			#{STORED_FILE_NAME},
			#{FILE_SIZE}
		)
    </insert>
   
   
   <!--  첨부 파일 조회 -->
   <select id="selectFileList" parameterType="int" resultType="hashMap">
	SELECT FILE_NO,
		   ORG_FILE_NAME,
		   ROUND(FILE_SIZE/1024,1) AS FILE_SIZE
	  FROM MP_FILE
	 WHERE FNO = #{FNO}
 	 AND DEL_GB = 'N'
    	 ORDER BY FILE_NO ASC
	  </select> 
	   
	   <!-- 첨부파일 다운 -->
    <select id="selectFileInfo" parameterType="hashMap" resultType="hashMap">
    	SELECT 
    		STORED_FILE_NAME,
    		ORG_FILE_NAME
    	FROM MP_FILE
    	WHERE FILE_NO = #{FILE_NO}
    </select>
    
    
    
    <update id="fpdateFile" parameterType="hashMap">
    	UPDATE MP_FILE SET
    	DEL_GB = 'Y'
    	WHERE FILE_NO = #{FILE_NO}
    </update>
    
    
    







    
	 <update id="fpdate" parameterType="kr.co.vo.BoardVO">
		UPDATE MP_FREEBOARD
		   SET FITLE    =   #{fitle},
		   	   FONTENT  =   #{fontent}
		 WHERE FNO = #{fno} 
	</update>
	
	<delete id="felete" parameterType="int">
		DELETE 
		  FROM MP_FREEBOARD
		 WHERE FNO = #{fno}
	</delete>
   
  
  
  
  
  
  
  
  
  
</mapper>