<?xml version="1.0" encoding="UTF-8"?>
<!DOCTYPE mapper
  PUBLIC "-//mybatis.org//DTD Mapper 3.0//EN"
  "http://mybatis.org/dtd/mybatis-3-mapper.dtd">
<mapper namespace="boardMapper">
   
   
   
      <!-- 게시판 글 작성 -->
   <insert id="insert">
	   INSERT INTO MP_BOARD(    BNO 
	   					      , TITLE 
	   					      , CONTENT 
	   					      , WRITER  )
	                 VALUES(    MP_BOARD_SEQ.NEXTVAL 
	                 		  , #{title}
	                 		  , #{content}
	                 		  , #{writer}  )
   
   </insert>
   
   <!--  게시글 목록 보기 -->

	<select id="list" resultType="kr.co.vo.BoardVO">
		SELECT   BNO
			   , TITLE
			   , WRITER
			   , REGDATE
		  FROM MP_BOARD
		  ORDER BY BNO DESC
	</select>   
	
	<!--  게시글 조회 -->
	
		<select id="read" parameterType="int" resultType="kr.co.vo.BoardVO">
		SELECT	BNO
			  , TITLE
			  , CONTENT
			  , WRITER
			  , REGDATE
		 FROM MP_BOARD
		 WHERE BNO = #{bno}
	</select>
	
	<!--  수정 -->
	    <update id="update" parameterType="kr.co.vo.BoardVO">
		UPDATE MP_BOARD
		   SET TITLE    =   #{title},
		   	   CONTENT  =   #{content}
		 WHERE BNO = #{bno} 
	</update>
	<!--  삭제 -->
	<delete id="delete" parameterType="int">
		DELETE 
		  FROM MP_BOARD
		 WHERE BNO = #{bno}
	</delete>
	
	<select id="boardqna" resultType="kr.co.vo.BoardVO">
		SELECT   BNO
			   , TITLE
			   , WRITER
			   , REGDATE
		  FROM MP_BOARD
		  ORDER BY BNO DESC
	</select>  	
	
	
	
	
	
	      <!-- 자유게시판 -->
	  <insert id="insertfree">
	    INSERT INTO MP_FREEBOARD(FNO,FITLE,FONTENT,FRITER) 
     			VALUES(MP_FREEBOARD_SEQ.NEXTVAL, #{fitle}, #{fontent}, #{friter} )
     </insert>
     
     
     <!--  자유 게시판 목록 -->
		<select id="freeread" parameterType="int" resultType="kr.co.vo.BoardVO">
		SELECT	FNO
			  , FITLE
			  , FONTENT
			  , FRITER
			  , FEGDATE
		 FROM MP_FREEBOARD
		 WHERE FNO = #{fno}
	</select>
     
     
     
     
<select id="listPage" resultType="kr.co.vo.BoardVO" parameterType="kr.co.vo.SearchCriteria">
		SELECT  FNO, 
		        FITLE, 
		        FONTENT,
		        FRITER, 
		        FEGDATE
		 FROM ( 
		        SELECT FNO, 
		               FITLE, 
		               FONTENT, 
		               FRITER, 
		               FEGDATE, 
		               ROW_NUMBER() OVER(ORDER BY FNO DESC) AS RNUM
		         FROM MP_FREEBOARD
		         WHERE 1=1 
		         	<include refid="search"></include>
		                       ) MP
		WHERE RNUM BETWEEN #{rowStart} AND #{rowEnd}
		ORDER BY FNO DESC
	</select>
	
	<select id="listCount" parameterType="kr.co.vo.SearchCriteria" resultType="int">
		SELECT COUNT(FNO)
		   FROM MP_FREEBOARD
		   WHERE 1=1
		<include refid="search"></include>	
		   AND FNO > 0
	</select>
	
	<sql id="search">
		<if test="searchType != null">
			<if test="searchType == 't'.toString()">AND FITLE LIKE '%' || #{keyword} || '%'</if>
			<if test="searchType == 'c'.toString()">AND FONTENT LIKE '%' || #{keyword} || '%'</if>
			<if test="searchType == 'w'.toString()">AND FRITER LIKE '%' || #{keyword} || '%'</if>
			<if test="searchType == 'tc'.toString()">AND (FITLE LIKE '%' || #{keyword} || '%') or (FONTENT LIKE '%' || #{keyword} || '%')</if>
		</if>
	</sql>
	
	
</mapper>